-- phpMyAdmin SQL Dump
-- version 5.2.1deb3
-- https://www.phpmyadmin.net/
--
-- Host: localhost:3306
-- Generation Time: Feb 12, 2025 at 06:17 PM
-- Server version: 8.0.41-0ubuntu0.24.04.1
-- PHP Version: 8.3.6

SET SQL_MODE = "NO_AUTO_VALUE_ON_ZERO";
START TRANSACTION;
SET time_zone = "+00:00";


/*!40101 SET @OLD_CHARACTER_SET_CLIENT=@@CHARACTER_SET_CLIENT */;
/*!40101 SET @OLD_CHARACTER_SET_RESULTS=@@CHARACTER_SET_RESULTS */;
/*!40101 SET @OLD_COLLATION_CONNECTION=@@COLLATION_CONNECTION */;
/*!40101 SET NAMES utf8mb4 */;

--
-- Database: `19-gd-custom`
--

-- --------------------------------------------------------

--
-- Table structure for table `accounts`
--

CREATE TABLE `accounts` (
  `id` int NOT NULL,
  `username` varchar(20) NOT NULL,
  `email` text NOT NULL,
  `password` text NOT NULL,
  `udid` varchar(255) CHARACTER SET utf8mb4 COLLATE utf8mb4_0900_ai_ci NOT NULL DEFAULT '0',
  `regdate` int NOT NULL,
  `lastlogin` int NOT NULL,
  `ip` text NOT NULL,
  `isActive` int NOT NULL DEFAULT '1'
) ENGINE=InnoDB DEFAULT CHARSET=utf8mb4 COLLATE=utf8mb4_0900_ai_ci;

--
-- Dumping data for table `accounts`
--

INSERT INTO `accounts` (`id`, `username`, `email`, `password`, `udid`, `regdate`, `lastlogin`, `ip`, `isActive`) VALUES
(2, 'Lila2048', 'a@a.a', 'Z1JGRgIABQQ=', '00000000-1d4a-5f31-0033-c5870033c587', 1739138531, 1739206226, '24.183.147.115', 1),
(3, 'Noobas', 'ss2@gmail.com', 'RFZZRlNBQF1bQlY=', '00000000-3264-692b-0033-c5870033c587', 1739140739, 1739141503, '51.195.216.5', 1),
(4, 'idkidk12457801', 'hibbledibble@hmail.org', 'QFxZXURUW1RQWUFH', '0', 1739217482, 0, '73.224.232.218', 1),
(5, 'aaaaaaa', 'hibbledibbleibble@hmail.org', 'UlZUU1dSVg==', 'ffffffff-ac38-4b64-0033-c5870033c587', 1739217543, 1739226441, '73.224.232.218', 1);

-- --------------------------------------------------------

--
-- Table structure for table `actions`
--

CREATE TABLE `actions` (
  `id` int NOT NULL,
  `type` int NOT NULL,
  `value1` text,
  `value2` text,
  `value3` text,
  `value4` int NOT NULL DEFAULT '0',
  `ip` text NOT NULL,
  `timestamp` int NOT NULL
) ENGINE=InnoDB DEFAULT CHARSET=utf8mb4 COLLATE=utf8mb4_0900_ai_ci;

--
-- Dumping data for table `actions`
--

INSERT INTO `actions` (`id`, `type`, `value1`, `value2`, `value3`, `value4`, `ip`, `timestamp`) VALUES
(64, 6, 'idkidk12457801', 'hibbledibble@hmail.org', '0', 0, '73.224.232.218', 1739217482),
(65, 6, 'aaaaaaa', 'hibbledibbleibble@hmail.org', '0', 0, '73.224.232.218', 1739217543),
(66, 5, 'aaaaaaa', 'ffffffff-ac38-4b64-0033-c5870033c587', '0', 0, '73.224.232.218', 1739217549),
(67, 2, '22', '1', '0', 0, '73.224.232.218', 1739217738),
(68, 8, 'dGVzdCBgfn5+fn5+fn5+fn5+fn5+YCMjIyMjIyMjIyMjIw==', '2', '00000000-1d4a-5f31-0033-c5870033c587', 0, '24.183.147.115', 1739218643),
(69, 8, 'fn4jIyMjIyMjIyNiaGhoaA==', '2', '00000000-1d4a-5f31-0033-c5870033c587', 0, '24.183.147.115', 1739218696),
(70, 8, 'aGlpaWk=', '2', '00000000-1d4a-5f31-0033-c5870033c587', 0, '24.183.147.115', 1739218744),
(71, 8, 'ZWVlZWVlZWVlZWVlZWVlZWVlZWVl', '2', '00000000-1d4a-5f31-0033-c5870033c587', 0, '24.183.147.115', 1739218786),
(72, 8, 'aA==', '2', '00000000-1d4a-5f31-0033-c5870033c587', 0, '24.183.147.115', 1739218990),
(73, 8, 'ZXhwbG9pdFBhdGNoIHdvcmtzISEhISA=', '2', '00000000-1d4a-5f31-0033-c5870033c587', 0, '24.183.147.115', 1739219052),
(74, 7, '3', '2', '0', 0, '24.183.147.115', 1739221273),
(75, 7, '4', '0', '0', 0, '95.214.53.66', 1739222404),
(76, 7, '4', '12', '0', 0, '95.214.53.66', 1739222853),
(77, 7, '4', '12', '0', 0, '95.214.53.66', 1739222894),
(78, 1, '22', '8', '0', 0, '95.214.53.66', 1739222982),
(79, 2, '22', '4', '0', 0, '95.214.53.66', 1739222983),
(80, 9, '29', '00000000-3264-692b-0033-c5870033c587', '4', 0, '95.214.53.66', 1739223334),
(81, 9, '30', '00000000-3264-692b-0033-c5870033c587', '4', 0, '95.214.53.66', 1739223542),
(82, 9, '31', 'ffffffff-ac38-4b64-0033-c5870033c587', '5', 0, '73.224.232.218', 1739225250),
(83, 7, '3', '3', '0', 0, '24.183.147.115', 1739225342),
(84, 7, '5', '3', '0', 0, '73.224.232.218', 1739225995),
(85, 3, 'aaaaaaa', '0', '0', 0, '73.224.232.218', 1739226185),
(86, 8, 'bS1tLW15IFAtUEMtQyEhIQ==', '5', 'ffffffff-ac38-4b64-0033-c5870033c587', 0, '73.224.232.218', 1739226262),
(87, 7, '5', '12', '0', 0, '73.224.232.218', 1739226283),
(88, 5, 'aaaaaaa', 'ffffffff-ac38-4b64-0033-c5870033c587', '0', 0, '73.224.232.218', 1739226441),
(89, 9, '32', '00000000-1d4a-5f31-0033-c5870033c587', '3', 0, '24.183.147.115', 1739226548),
(90, 9, '33', 'ffffffff-ac38-4b64-0033-c5870033c587', '5', 0, '73.224.232.218', 1739226682),
(91, 7, '5', '12', '0', 0, '73.224.232.218', 1739226769),
(92, 1, '33', '10', '0', 0, '73.224.232.218', 1739226850),
(93, 7, '5', '12', '0', 0, '73.224.232.218', 1739226946),
(94, 7, '3', '3', '0', 0, '24.183.147.115', 1739227210),
(95, 7, '3', '3', '0', 0, '24.183.147.115', 1739227337),
(96, 7, '4', '12', '0', 0, '95.214.53.66', 1739227463),
(97, 9, '34', '00000000-3264-692b-0033-c5870033c587', '4', 0, '95.214.53.66', 1739227697),
(98, 8, 'aW1hZ2luZSB0aGVu', '0', '00000000-3264-692b-0033-c5870033c587', 0, '95.214.53.66', 1739227716),
(99, 8, 'cGx6LnJhdGUgZGVtb24gTE1BQUtLQUtMQUxBT0EgWFhTREREREQ=', '0', '00000000-3264-692b-0033-c5870033c587', 0, '95.214.53.66', 1739227737),
(100, 1, '34', '7', '0', 0, '95.214.53.66', 1739227739),
(101, 2, '34', '5', '0', 0, '95.214.53.66', 1739227740),
(102, 9, '35', '00000000-3264-692b-0033-c5870033c587', '4', 0, '95.214.53.66', 1739228243),
(103, 7, '3', '3', '0', 0, '24.183.147.115', 1739228256),
(104, 8, 'TUxHR0dGRkY=', '0', '00000000-3264-692b-0033-c5870033c587', 0, '95.214.53.66', 1739228258),
(105, 2, '34', '0', '0', 0, '73.224.232.218', 1739228957),
(106, 8, 'TVkgRVlFUyBXSEFUIFRIRSBGVUNLIE1BTiAo', '5', 'ffffffff-ac38-4b64-0033-c5870033c587', 0, '73.224.232.218', 1739229000),
(107, 7, '3', '3', '0', 0, '24.183.147.115', 1739229245),
(108, 7, '3', '3', '0', 0, '24.183.147.115', 1739229265),
(109, 7, '3', '3', '0', 0, '24.183.147.115', 1739229686),
(110, 7, '4', '12', '0', 0, '62.210.93.128', 1739249260),
(111, 7, '4', '12', '0', 0, '62.210.93.128', 1739254511),
(112, 9, '36', '00000000-3264-692b-0033-c5870033c587', '4', 0, '95.214.53.66', 1739303066),
(113, 7, '4', '12', '0', 0, '95.214.53.66', 1739303091),
(114, 2, '32', '2', '0', 0, '57.128.176.146', 1739308470),
(115, 9, '37', '00000000-3264-692b-0033-c5870033c587', '4', 0, '57.128.176.146', 1739308916),
(116, 7, '3', '3', '0', 0, '24.183.147.115', 1739310169),
(117, 9, '38', '00000000-3264-692b-0033-c5870033c587', '4', 0, '51.38.113.90', 1739343355),
(118, 9, '39', '00000000-1d4a-5f31-0033-c5870033c587', '3', 0, '24.183.147.115', 1739369744),
(119, 9, NULL, '00000000-1d4a-5f31-0033-c5870033c587', '3', 0, '24.183.147.115', 1739369889),
(120, 9, NULL, '00000000-1d4a-5f31-0033-c5870033c587', '3', 0, '24.183.147.115', 1739369974),
(121, 9, '', '00000000-1d4a-5f31-0033-c5870033c587', '3', 0, '24.183.147.115', 1739370150),
(122, 9, '', '00000000-1d4a-5f31-0033-c5870033c587', '3', 0, '24.183.147.115', 1739370745),
(123, 7, '3', '3', '0', 0, '24.183.147.115', 1739370917);

-- --------------------------------------------------------

--
-- Table structure for table `actions_downloads`
--

CREATE TABLE `actions_downloads` (
  `id` int NOT NULL,
  `levelID` int NOT NULL,
  `ip` text NOT NULL,
  `timestamp` int NOT NULL
) ENGINE=InnoDB DEFAULT CHARSET=utf8mb4 COLLATE=utf8mb4_0900_ai_ci;

--
-- Dumping data for table `actions_downloads`
--

INSERT INTO `actions_downloads` (`id`, `levelID`, `ip`, `timestamp`) VALUES
(1, 20, '68.160.137.220', 1739138322),
(2, 21, '68.160.137.220', 1739138888),
(3, 22, '51.159.221.6', 1739140804),
(4, 23, '51.159.221.6', 1739141008),
(5, 23, '51.195.216.5', 1739141092),
(6, 21, '51.195.216.5', 1739141113),
(7, 22, '51.195.216.5', 1739141139),
(8, 22, '68.160.137.220', 1739141344),
(9, 23, '68.160.137.220', 1739141394),
(10, 24, '95.214.53.66', 1739162328),
(11, 22, '95.214.53.66', 1739162331),
(12, 23, '95.214.53.66', 1739162334),
(13, 21, '95.214.53.66', 1739162343),
(14, 25, '95.214.52.221', 1739167605),
(15, 24, '51.195.216.5', 1739172456),
(16, 25, '51.195.216.5', 1739174388),
(17, 26, '51.195.216.5', 1739175006),
(18, 27, '51.195.216.5', 1739177976),
(19, 27, '37.157.242.13', 1739181899),
(20, 26, '37.157.242.13', 1739181905),
(21, 28, '37.157.242.13', 1739182165),
(22, 23, '37.157.242.13', 1739182176),
(23, 26, '24.183.147.115', 1739195936),
(24, 25, '24.183.147.115', 1739195946),
(25, 27, '24.183.147.115', 1739196084),
(26, 28, '24.183.147.115', 1739196116),
(27, 25, '78.129.139.61', 1739196198),
(28, 22, '24.183.147.115', 1739196200),
(29, 23, '78.129.139.61', 1739196241),
(30, 26, '78.129.139.61', 1739196249),
(31, 23, '24.183.147.115', 1739196292),
(32, 21, '24.183.147.115', 1739196560),
(33, 21, '73.224.232.218', 1739217556),
(34, 22, '73.224.232.218', 1739217717),
(35, 23, '73.224.232.218', 1739217744),
(36, 25, '73.224.232.218', 1739217762),
(37, 26, '73.224.232.218', 1739217811),
(38, 27, '73.224.232.218', 1739217826),
(39, 28, '73.224.232.218', 1739217858),
(40, 28, '95.214.53.66', 1739222411),
(41, 27, '95.214.53.66', 1739222569),
(42, 26, '95.214.53.66', 1739222581),
(43, 25, '95.214.53.66', 1739222589),
(44, 29, '95.214.53.66', 1739223337),
(45, 29, '73.224.232.218', 1739224762),
(46, 30, '73.224.232.218', 1739224801),
(47, 30, '24.183.147.115', 1739225023),
(48, 31, '24.183.147.115', 1739225269),
(49, 31, '73.224.232.218', 1739225272),
(50, 15, '73.224.232.218', 1739226297),
(51, 32, '73.224.232.218', 1739226726),
(52, 33, '73.224.232.218', 1739226741),
(53, 33, '24.183.147.115', 1739227022),
(54, 32, '24.183.147.115', 1739227047),
(55, 31, '95.214.53.66', 1739227469),
(56, 33, '95.214.53.66', 1739227476),
(57, 34, '95.214.53.66', 1739227722),
(58, 32, '95.214.53.66', 1739227748),
(59, 30, '95.214.53.66', 1739227883),
(60, 35, '95.214.53.66', 1739228245),
(61, 34, '73.224.232.218', 1739228899),
(62, 35, '73.224.232.218', 1739228961),
(63, 35, '24.183.147.115', 1739229375),
(64, 34, '24.183.147.115', 1739229394),
(65, 35, '62.210.93.128', 1739249103),
(66, 34, '62.210.93.128', 1739249115),
(67, 23, '62.210.93.128', 1739249128),
(68, 25, '62.210.93.128', 1739249130),
(69, 28, '62.210.93.128', 1739249175),
(70, 30, '62.210.93.128', 1739249243),
(71, 32, '62.210.93.128', 1739251866),
(72, 26, '62.210.93.128', 1739254471),
(73, 36, '57.128.176.146', 1739308404),
(74, 35, '57.128.176.146', 1739308421),
(75, 32, '57.128.176.146', 1739308431),
(76, 37, '24.183.147.115', 1739310136),
(77, 36, '24.183.147.115', 1739310148),
(78, 36, '73.224.232.218', 1739312477),
(79, 37, '73.224.232.218', 1739312495),
(80, 25, '51.38.113.90', 1739341507),
(81, 36, '51.38.113.90', 1739343362),
(82, 37, '51.38.113.90', 1739343385),
(83, 29, '51.38.113.90', 1739343405),
(84, 28, '51.38.113.90', 1739343427),
(85, 39, '24.183.147.115', 1739369836),
(86, 38, '24.183.147.115', 1739370674);

-- --------------------------------------------------------

--
-- Table structure for table `actions_likes`
--

CREATE TABLE `actions_likes` (
  `id` int NOT NULL,
  `itemID` int NOT NULL,
  `type` int NOT NULL,
  `isLike` int NOT NULL,
  `ip` text NOT NULL,
  `timestamp` int NOT NULL
) ENGINE=InnoDB DEFAULT CHARSET=utf8mb4 COLLATE=utf8mb4_0900_ai_ci;

--
-- Dumping data for table `actions_likes`
--

INSERT INTO `actions_likes` (`id`, `itemID`, `type`, `isLike`, `ip`, `timestamp`) VALUES
(1, 22, 1, 1, '51.159.221.6', 1739140810),
(2, 21, 1, 1, '95.214.53.66', 1739162345),
(3, 23, 1, 0, '95.214.52.221', 1739167618),
(4, 25, 1, 1, '95.214.52.221', 1739167626),
(5, 26, 1, 1, '51.195.216.5', 1739175015),
(6, 22, 1, 1, '73.224.232.218', 1739217728),
(7, 23, 1, 1, '73.224.232.218', 1739217758),
(8, 28, 1, 1, '95.214.53.66', 1739222567),
(9, 22, 1, 1, '95.214.53.66', 1739222979),
(10, 31, 1, 1, '73.224.232.218', 1739225358),
(11, 31, 1, 1, '95.214.53.66', 1739227719),
(12, 34, 1, 0, '95.214.53.66', 1739227731),
(13, 10, 2, 1, '95.214.53.66', 1739227829),
(14, 11, 2, 1, '95.214.53.66', 1739227829),
(15, 35, 1, 1, '95.214.53.66', 1739228259),
(16, 34, 1, 0, '73.224.232.218', 1739228946),
(17, 35, 1, 0, '73.224.232.218', 1739229003),
(18, 16, 2, 1, '62.210.93.128', 1739249106),
(19, 12, 2, 1, '62.210.93.128', 1739254492),
(20, 32, 1, 1, '57.128.176.146', 1739308471);

-- --------------------------------------------------------

--
-- Table structure for table `bans`
--

CREATE TABLE `bans` (
  `id` int NOT NULL,
  `banType` int NOT NULL,
  `expires` int NOT NULL,
  `user` varchar(255) NOT NULL,
  `reason` text NOT NULL,
  `timestamp` int NOT NULL
) ENGINE=InnoDB DEFAULT CHARSET=utf8mb4 COLLATE=utf8mb4_0900_ai_ci;

-- --------------------------------------------------------

--
-- Table structure for table `comments`
--

CREATE TABLE `comments` (
  `id` int NOT NULL,
  `udid` text NOT NULL,
  `accountID` int NOT NULL,
  `userName` text NOT NULL,
  `userID` int NOT NULL,
  `levelID` int NOT NULL,
  `comment` text NOT NULL,
  `spam` int NOT NULL DEFAULT '0',
  `ip` text NOT NULL,
  `likes` int NOT NULL DEFAULT '0',
  `timestamp` int NOT NULL
) ENGINE=InnoDB DEFAULT CHARSET=utf8mb4 COLLATE=utf8mb4_0900_ai_ci;

--
-- Dumping data for table `comments`
--

INSERT INTO `comments` (`id`, `udid`, `accountID`, `userName`, `userID`, `levelID`, `comment`, `spam`, `ip`, `likes`, `timestamp`) VALUES
(10, '00000000-1d4a-5f31-0033-c5870033c587', 2, 'Lila2048', 3, 28, 'aA==', 0, '24.183.147.115', 1, 1739218990),
(11, '00000000-1d4a-5f31-0033-c5870033c587', 2, 'Lila2048', 3, 28, 'ZXhwbG9pdFBhdGNoIHdvcmtzISEhISA=', 0, '24.183.147.115', 1, 1739219052),
(12, 'ffffffff-ac38-4b64-0033-c5870033c587', 5, 'aaaaaaa', 5, 26, 'bS1tLW15IFAtUEMtQyEhIQ==', 0, '73.224.232.218', 1, 1739226262),
(13, '00000000-3264-692b-0033-c5870033c587', 0, 'RealNoobas', 4, 31, 'aW1hZ2luZSB0aGVu', 0, '95.214.53.66', 0, 1739227716),
(14, '00000000-3264-692b-0033-c5870033c587', 0, 'RealNoobas', 4, 34, 'cGx6LnJhdGUgZGVtb24gTE1BQUtLQUtMQUxBT0EgWFhTREREREQ=', 0, '95.214.53.66', 0, 1739227737),
(15, '00000000-3264-692b-0033-c5870033c587', 0, 'RealNoobas', 4, 35, 'TUxHR0dGRkY=', 0, '95.214.53.66', 0, 1739228258),
(16, 'ffffffff-ac38-4b64-0033-c5870033c587', 5, 'aaaaaaa', 5, 35, 'TVkgRVlFUyBXSEFUIFRIRSBGVUNLIE1BTiAo', 0, '73.224.232.218', 1, 1739229000);

-- --------------------------------------------------------

--
-- Table structure for table `levels`
--

CREATE TABLE `levels` (
  `levelID` int NOT NULL,
  `gameVersion` int NOT NULL,
  `udid` text NOT NULL,
  `accountID` int NOT NULL,
  `userID` int NOT NULL DEFAULT '0',
  `levelName` varchar(20) CHARACTER SET utf8mb4 COLLATE utf8mb4_0900_ai_ci NOT NULL,
  `levelDesc` text NOT NULL,
  `levelVersion` int NOT NULL,
  `levelLength` int NOT NULL,
  `audioTrack` int NOT NULL,
  `password` int NOT NULL,
  `original` int NOT NULL,
  `twoPlayer` int NOT NULL,
  `songID` int NOT NULL,
  `objects` int NOT NULL,
  `extraString` text NOT NULL,
  `levelReplay` text NOT NULL,
  `difficulty` int NOT NULL DEFAULT '0',
  `stars` int NOT NULL DEFAULT '0',
  `featureScore` int NOT NULL DEFAULT '0',
  `auto` int NOT NULL DEFAULT '0',
  `demon` int NOT NULL DEFAULT '0',
  `rateDate` int DEFAULT '0',
  `userName` text NOT NULL,
  `commentLocked` int NOT NULL DEFAULT '0',
  `updateLocked` int NOT NULL DEFAULT '0',
  `editorTime` int NOT NULL DEFAULT '0',
  `editorTimeCopy` int NOT NULL DEFAULT '0',
  `ip` text NOT NULL,
  `uploadDate` int DEFAULT NULL,
  `updateDate` int DEFAULT NULL,
  `diffDenominator` int NOT NULL DEFAULT '0',
  `downloads` int NOT NULL DEFAULT '0',
  `likes` int NOT NULL DEFAULT '0',
  `dislikes` int NOT NULL DEFAULT '0',
  `copyID` int NOT NULL DEFAULT '0',
  `copiedID` int NOT NULL DEFAULT '0',
  `completes` int NOT NULL DEFAULT '0'
) ENGINE=InnoDB DEFAULT CHARSET=utf8mb4 COLLATE=utf8mb4_0900_ai_ci;

--
-- Dumping data for table `levels`
--

INSERT INTO `levels` (`levelID`, `gameVersion`, `udid`, `accountID`, `userID`, `levelName`, `levelDesc`, `levelVersion`, `levelLength`, `audioTrack`, `password`, `original`, `twoPlayer`, `songID`, `objects`, `extraString`, `levelReplay`, `difficulty`, `stars`, `featureScore`, `auto`, `demon`, `rateDate`, `userName`, `commentLocked`, `updateLocked`, `editorTime`, `editorTimeCopy`, `ip`, `uploadDate`, `updateDate`, `diffDenominator`, `downloads`, `likes`, `dislikes`, `copyID`, `copiedID`, `completes`) VALUES
(21, 19, '00000000-1d4a-5f31-0033-c5870033c587', 2, 3, 'hi', '', 1, 0, 0, 0, 0, 0, 0, 2, '100_100_100_29', '1.54;1;1.69;0;1.92;0;', 10, 2, 1, 0, 0, 1739138961, 'Lila2048', 0, 0, 0, 0, '68.160.137.220', 1739138885, 1739138885, 0, 5, 1, 0, 0, 0, 0),
(22, 19, '00000000-3264-692b-0033-c5870033c587', 3, 4, 'HH', '', 1, 0, 0, 0, 0, 0, 0, 166, '180_180_100_29', '0.00;1;0.75;0;0.95;1;1.00;1;1.01;0;1.05;1;1.09;0;1.10;0;1.15;1;1.19;1;1.20;0;1.25;0;1.29;1;1.30;1;1.37;0;1.42;1;1.45;1;1.49;0;1.50;0;1.55;1;1.59;0;1.62;0;1.82;1;2.59;0;2.77;0;3.67;0;', 20, 0, 0, 0, 0, 0, 'Noobas', 0, 0, 0, 0, '51.159.221.6', 1739140800, 1739140800, 0, 6, 3, 0, 0, 0, 0),
(23, 19, '00000000-3264-692b-0033-c5870033c587', 3, 4, 'Test pass', '', 1, 0, 0, 1777777, 0, 0, 0, 378, '100_100_241_29', '0.00;1;0.17;0;0.22;1;0.27;1;0.28;0;0.31;1;0.31;0;0.36;0;0.41;1;0.44;1;0.45;0;0.47;0;0.52;1;0.55;1;0.56;0;0.59;0;0.64;1;0.69;0;0.77;1;0.80;0;0.89;1;0.96;0;1.02;1;1.05;0;1.24;1;1.29;0;1.51;1;1.90;0;2.02;1;2.20;0;2.34;1;2.49;0;2.65;1;2.80;0;2.99;1;3.14;0;3.34;1;3.49;0;3.69;1;3.89;0;4.02;1;4.12;0;4.22;1;4.54;0;4.62;1;4.67;0;5.20;0;', 0, 0, 0, 0, 0, 0, 'Noobas', 0, 0, 0, 0, '51.159.221.6', 1739140985, 1739140985, 0, 9, 0, 0, 0, 0, 0),
(25, 19, '00000000-3264-692b-0033-c5870033c587', 3, 4, 'th egolden', '', 1, 2, 2, 0, 0, 0, 638150, 63, '100_100_100_29', '0.97;1;1.04;0;1.47;1;1.57;0;1.85;1;1.92;0;2.27;1;2.32;0;3.15;1;3.19;0;3.37;1;3.42;0;3.83;1;3.88;0;4.15;1;4.19;0;4.34;1;4.37;0;4.55;1;4.60;0;5.24;1;5.27;0;5.57;1;5.62;0;6.03;1;6.07;0;6.21;1;6.40;0;6.44;1;6.57;0;6.88;1;6.95;0;7.15;1;7.19;0;7.32;1;7.37;0;7.47;1;7.55;0;7.62;1;7.72;0;7.77;1;7.83;0;7.92;1;7.97;0;8.07;1;8.12;0;8.22;1;8.26;0;8.61;1;8.72;0;9.05;1;9.15;0;9.39;0;9.78;1;9.88;0;10.07;1;10.10;0;10.15;1;10.22;0;10.30;1;10.35;0;10.44;1;10.52;0;10.57;1;10.62;0;10.70;1;10.82;0;10.90;1;10.93;0;11.00;1;11.08;1;11.09;0;11.13;0;11.15;1;11.22;0;11.27;1;11.28;0;11.35;1;11.38;1;11.39;0;11.40;0;11.48;1;11.52;0;11.95;1;11.98;0;12.08;1;12.12;0;12.50;1;12.58;0;12.91;1;12.95;0;13.01;1;13.07;0;13.18;1;13.21;0;13.30;1;13.35;1;13.35;0;13.40;0;13.43;1;13.46;0;13.86;1;13.88;0;14.10;1;14.16;0;14.30;1;14.38;0;14.59;1;14.63;0;14.72;1;14.74;0;14.79;1;14.83;1;14.84;0;14.87;0;14.91;1;14.96;1;14.97;0;15.02;0;15.06;1;15.10;0;15.16;1;15.33;0;15.58;1;15.67;0;15.96;1;16.05;0;16.34;1;16.44;0;16.48;1;16.55;1;16.55;0;16.60;1;16.60;0;16.65;0;16.68;1;16.75;0;16.83;1;16.88;0;17.26;1;17.31;0;17.68;1;17.78;0;18.09;1;18.15;0;18.23;1;18.26;0;18.28;1;18.36;0;18.45;1;18.48;1;18.48;0;18.51;0;18.96;1;19.04;0;19.37;1;19.48;0;19.83;1;19.90;1;19.90;0;19.97;0;20.05;1;20.22;1;20.22;0;20.26;1;20.27;0;20.36;1;20.37;0;20.46;0;20.78;1;20.83;0;21.19;1;21.26;0;21.33;1;21.38;0;21.41;1;21.46;1;21.47;0;21.51;0;21.59;1;21.68;0;21.73;1;21.78;0;22.11;1;22.21;0;22.49;1;22.56;0;22.91;1;22.95;0;23.31;1;23.35;0;23.44;1;23.51;0;23.68;1;23.73;0;23.81;1;23.89;0;23.94;1;24.00;0;24.16;1;24.24;0;24.66;1;24.78;0;25.21;1;25.28;0;25.77;1;25.86;0;26.22;1;26.30;0;26.75;1;26.82;0;27.27;1;27.34;0;27.79;1;27.87;0;28.41;1;28.48;0;28.72;1;28.89;0;29.09;1;29.28;0;29.43;1;29.61;0;29.77;1;29.99;0;30.16;1;30.28;0;30.38;1;30.49;0;30.90;1;30.90;1;31.16;0;31.16;0;31.28;1;31.28;1;31.39;0;31.44;0;31.54;1;31.72;0;31.87;1;32.02;0;32.30;1;32.39;0;32.59;1;32.66;0;32.74;1;32.97;0;33.16;1;33.24;0;33.38;1;33.44;0;33.54;1;33.58;0;33.66;0;', 0, 0, 0, 0, 0, 0, 'MLGPARTYMAN', 0, 0, 0, 0, '95.214.52.221', 1739167601, 1739167601, 0, 8, 1, 0, 0, 0, 0),
(26, 19, '00000000-3264-692b-0033-c5870033c587', 3, 4, 'Lug test', 'cmlwIHNlcnZlcnM=', 1, 0, 0, 1777797, 0, 0, 66666, 24192, '999_999_100_29', '0.00;1;0.58;0;0.81;1;0.88;1;0.89;0;0.96;0;1.14;1;1.25;1;1.25;0;1.36;1;1.37;0;1.83;1;1.84;0;8.20;0;', 0, 0, 0, 0, 0, 0, 'MLGPARTYMAN', 0, 0, 0, 0, '51.195.216.5', 1739174996, 1739174996, 0, 7, 1, 0, 0, 0, 0),
(27, 19, '00000000-3264-692b-0033-c5870033c587', 3, 4, 'game broken', '', 1, 1, 1, 0, 0, 0, 0, 3206, '574_322_100_29', '0.27;1;0.38;0;6.87;1;13.15;0;19.17;0;', 0, 0, 0, 0, 0, 0, 'MLGPARTYMAN', 0, 0, 0, 0, '51.195.216.5', 1739177967, 1739177967, 0, 5, 0, 0, 0, 0, 0),
(28, 19, '00000000-3264-692b-0033-c5870033c587', 3, 4, 'Bludbaf', '', 1, 2, 2, 0, 0, 0, 0, 547, '180_100_100_29', '0.00;1;0.01;0;0.44;1;0.67;0;1.08;1;1.25;0;1.50;1;1.82;0;2.13;1;2.49;0;3.47;1;3.64;0;3.85;1;4.10;0;5.10;1;5.22;0;5.50;1;5.64;0;5.83;1;5.97;0;6.36;1;6.47;0;6.77;1;6.85;0;7.73;1;8.22;0;8.43;1;8.65;0;9.30;1;9.43;0;9.83;1;9.91;0;11.05;1;11.13;0;12.40;1;12.50;0;12.81;1;12.88;0;13.21;1;13.33;0;13.66;1;13.92;0;14.28;1;14.33;0;14.56;1;14.65;0;15.23;1;15.33;0;15.76;1;15.83;0;16.10;1;16.18;0;16.25;1;16.31;0;16.42;1;16.48;0;16.56;1;16.65;0;17.37;0;17.39;1;17.88;0;18.29;1;18.39;0;18.66;1;18.76;0;18.81;1;18.90;0;19.18;1;19.31;0;19.61;1;19.69;0;20.04;1;20.28;0;20.43;1;20.65;0;20.92;1;21.11;0;21.51;1;21.68;0;22.57;1;22.73;0;23.02;1;23.14;0;24.26;1;24.46;0;24.92;1;24.99;0;25.21;1;25.26;0;25.35;1;25.41;0;25.58;1;25.63;0;25.71;1;25.78;0;25.99;1;26.06;0;26.14;1;26.19;0;28.46;1;28.51;0;29.07;1;29.21;0;29.37;1;29.48;0;29.67;1;29.79;0;30.01;1;30.82;0;31.03;1;31.24;0;31.36;1;31.49;0;31.62;1;31.72;0;31.87;1;32.02;0;32.13;1;32.29;0;32.76;1;32.87;0;33.07;1;33.07;1;33.11;0;33.11;0;33.64;1;33.64;1;33.73;0;33.73;0;33.94;1;33.94;1;34.02;0;34.02;0;34.22;0;34.64;1;34.74;0;35.17;1;35.25;0;35.44;1;35.69;0;36.27;1;36.34;0;36.63;1;36.72;0;37.13;1;37.22;0;38.24;1;38.32;0;38.79;0;', 0, 0, 0, 0, 0, 0, 'MLGPARTYMAN', 0, 0, 0, 0, '37.157.242.13', 1739182158, 1739182158, 0, 6, 1, 0, 0, 0, 0),
(29, 19, '00000000-3264-692b-0033-c5870033c587', 0, 4, 'Nebula Challenge', '', 1, 1, 0, 0, 0, 0, 0, 727, '180_100_100_29', '0.00;0;0.28;1;0.32;0;0.64;1;1.26;0;1.62;1;1.94;0;2.22;1;2.47;0;2.79;1;3.10;0;3.40;1;3.65;0;3.95;1;4.23;0;4.52;1;4.82;0;5.08;1;5.38;0;5.68;1;5.98;0;6.28;1;6.58;0;6.90;1;7.17;0;7.45;1;7.72;0;8.03;1;8.37;0;8.85;1;9.11;0;9.45;1;9.70;0;9.92;1;10.10;0;10.38;1;10.53;0;10.85;1;11.09;0;11.41;1;11.65;0;11.95;1;12.18;0;12.46;1;12.70;0;12.93;1;13.07;0;13.43;1;13.70;0;14.10;1;14.38;0;14.55;1;14.65;0;14.82;0;15.45;0;', 0, 0, 0, 0, 0, 0, 'RealNoobas', 0, 0, 0, 0, '95.214.53.66', 1739223334, 1739223334, 0, 3, 0, 0, 0, 0, 0),
(30, 19, '00000000-3264-692b-0033-c5870033c587', 0, 4, 'Unnamed 0', '', 1, 0, 0, 0, 0, 0, 0, 91, '100_100_100_29', '0.00;1;0.01;0;1.22;1;1.32;0;2.00;1;2.12;0;2.65;1;2.72;0;2.84;1;2.90;0;3.00;1;3.14;0;3.19;1;3.25;0;3.33;1;3.48;0;3.59;1;3.77;0;3.92;1;4.04;0;4.19;1;4.30;0;4.47;1;4.56;0;4.57;0;4.98;0;', 30, 0, 0, 0, 0, 0, 'RealNoobas', 0, 0, 0, 0, '95.214.53.66', 1739223542, 1739223542, 0, 4, 0, 0, 0, 0, 0),
(31, 19, 'ffffffff-ac38-4b64-0033-c5870033c587', 5, 5, 'the of the when', 'bWUgd2hlbiB0aGUgb2YgaXMgdGhlIHdoZW4gaSB0aGUgd2hlbiBpcyB3aGVuIHRoZSB0aGUgb2Ygd2hlbiBvZiB0aGUgaXMgd2hlbiB3aGVuIGlzIGxpa2UgaHdlbiB0aGUgaXMgd2hlbiBvZiBvZiB0aGUgd2hl', 1, 0, 12, 1333333, 0, 0, 0, 128, '180_134_100_29', '1.87;0;', 50, 1, 0, 1, 0, 1739225312, 'aaaaaaa', 0, 0, 0, 0, '73.224.232.218', 1739225250, 1739225250, 0, 3, 2, 0, 0, 0, 0),
(32, 19, '00000000-1d4a-5f31-0033-c5870033c587', 2, 3, 'test', '', 1, 0, 0, 0, 0, 0, 45654, 4, '100_100_100_29', '0.00;1;0.00;0;1.27;1;1.45;0;1.72;0;', 0, 0, 0, 0, 0, 0, 'Lila2048', 0, 0, 0, 0, '24.183.147.115', 1739226548, 1739226548, 0, 5, 1, 0, 0, 0, 0),
(33, 19, 'ffffffff-ac38-4b64-0033-c5870033c587', 5, 5, 'the of the when 2', 'aWsgb2JqZWN0IGNvdW50IGlzIHNsaWdodGx5IGhpZ2ggYnV0IGVoaA==', 1, 0, 12, 0, 0, 0, 0, 761, '999_766_100_29', '0.00;0;3.18;0;', 0, 0, 0, 0, 0, 0, 'aaaaaaa', 0, 0, 0, 0, '73.224.232.218', 1739226682, 1739226682, 0, 3, 0, 0, 0, 0, 0),
(34, 19, '00000000-3264-692b-0033-c5870033c587', 0, 4, 'Silent His', '', 1, 1, 0, 0, 0, 0, 0, 335, '100_100_100_29', '1.17;1;1.19;0;1.49;1;1.54;0;1.84;1;1.96;0;2.14;1;2.22;0;2.67;1;2.72;0;2.97;1;3.01;0;3.31;1;3.36;0;3.56;1;3.61;0;3.94;1;4.01;0;4.16;1;4.21;0;4.51;1;4.56;0;4.74;1;4.79;0;5.02;1;5.09;0;5.54;1;5.69;0;5.96;1;6.19;0;6.46;1;6.59;0;6.92;1;7.22;0;7.54;1;7.74;0;7.97;1;8.07;0;8.36;1;8.67;0;9.04;1;9.19;0;9.34;1;9.46;0;9.96;1;10.02;0;10.44;1;10.52;0;10.66;1;10.92;0;12.09;1;12.26;0;12.37;1;12.69;0;12.79;1;13.04;0;13.12;1;13.19;0;13.21;0;', 0, 0, 0, 0, 0, 0, 'RealNoobas', 0, 0, 0, 0, '95.214.53.66', 1739227697, 1739227697, 0, 4, -2, 0, 0, 0, 0),
(35, 19, '00000000-3264-692b-0033-c5870033c587', 0, 4, 'MLG WEED MOMENT', '', 1, 1, 0, 0, 0, 0, 0, 1932, '766_322_180_29', '0.14;1;1.05;0;1.54;1;1.95;0;2.42;1;2.89;0;3.34;1;3.77;0;4.24;1;4.67;0;5.12;1;5.62;0;6.22;1;6.54;0;6.69;0;', 0, 0, 0, 0, 0, 0, 'RealNoobas', 0, 0, 0, 0, '95.214.53.66', 1739228243, 1739228243, 0, 5, 0, 0, 0, 0, 0),
(36, 19, '00000000-3264-692b-0033-c5870033c587', 0, 4, 'toxin X9', '', 1, 0, 0, 0, 0, 0, 0, 4228, '100_100_999_999', '0.00;0;0.30;1;0.92;0;1.20;1;1.62;0;1.85;1;2.19;0;2.57;1;3.03;0;3.29;1;3.55;0;3.72;1;3.79;0;4.13;0;', 0, 0, 0, 0, 0, 0, 'RealNoobas', 0, 0, 0, 0, '95.214.53.66', 1739303066, 1739303066, 0, 4, 0, 0, 0, 0, 0),
(37, 19, '00000000-3264-692b-0033-c5870033c587', 0, 4, 'Unnamed 1', '', 1, 1, 0, 0, 0, 0, 0, 7309, '999_999_766_29', '0.34;1;0.39;0;0.51;1;0.56;0;0.66;1;0.71;0;0.81;1;0.91;0;0.96;1;1.01;1;1.02;0;1.08;0;1.12;1;1.19;0;1.28;1;1.36;0;1.44;1;1.49;0;1.58;1;1.68;0;1.71;1;1.82;0;1.93;1;1.98;0;2.06;1;2.14;0;2.21;1;2.26;0;2.38;1;2.41;0;2.50;1;2.55;1;2.55;0;2.63;0;2.72;1;2.78;0;2.89;1;2.97;0;3.05;1;3.12;1;3.13;0;3.22;0;3.26;1;3.31;0;3.37;1;3.43;0;3.51;1;3.60;0;3.64;1;3.76;0;3.78;1;3.92;0;3.99;1;4.05;0;4.13;1;4.22;0;4.29;1;4.39;0;4.43;1;4.53;0;4.61;1;4.72;0;4.77;1;4.85;0;4.93;1;5.06;1;5.07;0;5.11;0;5.19;1;5.22;0;5.27;1;5.38;0;5.43;1;5.51;1;5.52;0;5.54;0;5.61;1;5.66;0;5.75;1;5.80;0;5.84;1;5.93;0;5.99;1;6.08;1;6.08;0;6.16;0;6.24;1;6.36;0;6.40;1;6.43;0;6.53;1;6.59;0;6.68;1;6.73;1;6.73;0;6.82;0;6.92;1;6.97;0;7.05;1;7.10;0;7.22;1;7.27;0;7.38;1;7.48;0;7.53;1;7.62;0;7.68;0;7.73;0;', 0, 0, 0, 0, 0, 0, 'NNautilius2k', 0, 0, 0, 0, '57.128.176.146', 1739308916, 1739308916, 0, 3, 0, 0, 0, 0, 0),
(38, 19, '00000000-3264-692b-0033-c5870033c587', 0, 4, 't', '', 1, 1, 0, 0, 0, 0, 0, 129, '100_100_100_29', '0.61;1;6.09;0;', 0, 0, 0, 0, 0, 0, 'NNautilius2k', 0, 0, 0, 0, '51.38.113.90', 1739343355, 1739343355, 0, 1, 0, 0, 0, 0, 0),
(39, 19, '00000000-1d4a-5f31-0033-c5870033c587', 2, 3, 'update test', '', 1, 0, 0, 0, 0, 0, 0, 1, '100_100_100_29', '1.12;1;1.27;0;1.65;0;', 10, 2, 1, 0, 0, 1739370901, 'Lila2048', 0, 0, 0, 0, '24.183.147.115', 1739369744, 1739369744, 0, 1, 0, 0, 0, 0, 0);

-- --------------------------------------------------------

--
-- Table structure for table `mappacks`
--

CREATE TABLE `mappacks` (
  `packID` int NOT NULL,
  `packName` text NOT NULL,
  `levels` text NOT NULL,
  `stars` int NOT NULL,
  `coins` int NOT NULL,
  `difficulty` int NOT NULL,
  `textColor` text NOT NULL,
  `barColor` text NOT NULL
) ENGINE=InnoDB DEFAULT CHARSET=utf8mb4 COLLATE=utf8mb4_0900_ai_ci;

--
-- Dumping data for table `mappacks`
--

INSERT INTO `mappacks` (`packID`, `packName`, `levels`, `stars`, `coins`, `difficulty`, `textColor`, `barColor`) VALUES
(2, 'Test Pack', '39,21,31', 2, 1, 2, '255,255,255', '255,255,255');

-- --------------------------------------------------------

--
-- Table structure for table `reports`
--

CREATE TABLE `reports` (
  `id` int NOT NULL,
  `levelID` int NOT NULL,
  `ip` text NOT NULL,
  `timestamp` int NOT NULL
) ENGINE=InnoDB DEFAULT CHARSET=utf8mb4 COLLATE=utf8mb4_0900_ai_ci;

--
-- Dumping data for table `reports`
--

INSERT INTO `reports` (`id`, `levelID`, `ip`, `timestamp`) VALUES
(1, 26, '51.195.216.5', 1739175018),
(2, 25, '95.214.53.66', 1739222700);

-- --------------------------------------------------------

--
-- Table structure for table `sends`
--

CREATE TABLE `sends` (
  `id` int NOT NULL,
  `levelID` int NOT NULL,
  `udid` text NOT NULL,
  `stars` int NOT NULL,
  `feature` int NOT NULL,
  `ip` text NOT NULL,
  `timestamp` int NOT NULL
) ENGINE=InnoDB DEFAULT CHARSET=utf8mb4 COLLATE=utf8mb4_0900_ai_ci;

-- --------------------------------------------------------

--
-- Table structure for table `songs`
--

CREATE TABLE `songs` (
  `id` int NOT NULL,
  `name` text NOT NULL,
  `authorID` int NOT NULL DEFAULT '4',
  `authorName` text NOT NULL,
  `size` varchar(255) NOT NULL,
  `download` text NOT NULL,
  `isBanned` int NOT NULL DEFAULT '0',
  `isReupload` int NOT NULL DEFAULT '0'
) ENGINE=InnoDB DEFAULT CHARSET=utf8mb4 COLLATE=utf8mb4_0900_ai_ci;

--
-- Dumping data for table `songs`
--

INSERT INTO `songs` (`id`, `name`, `authorID`, `authorName`, `size`, `download`, `isBanned`, `isReupload`) VALUES
(45654, 'Uknown53', 4, 'drzzit5', '1.96', 'http%3A%2F%2Faudio.ngfiles.com%2F45000%2F45654_newgrounds_sb_l_.mp3', 0, 0),
(66666, 'LiquidBLUE - Synkon', 4, 'Synkon', '2.54', 'http%3A%2F%2Faudio.ngfiles.com%2F66000%2F66666_newgrounds_liquid.mp3', 0, 0),
(638150, '-ThunderZone v2-', 4, 'Waterflame', '8.78', 'http%3A%2F%2Faudio.ngfiles.com%2F638000%2F638150_-ThunderZone-v2-.mp3', 0, 0),
(9126088, 'Unnamed Song', 4, 'Lila', '0.1', 'https://cubejump.net/19gd/data/songs/9126088.mp3', 0, 1);

-- --------------------------------------------------------

--
-- Table structure for table `users`
--

CREATE TABLE `users` (
  `udid` text NOT NULL,
  `userName` text NOT NULL,
  `stars` int NOT NULL DEFAULT '0',
  `demons` int NOT NULL DEFAULT '0',
  `color1` int NOT NULL DEFAULT '0',
  `color2` int NOT NULL DEFAULT '0',
  `iconType` int NOT NULL DEFAULT '0',
  `coins` int NOT NULL DEFAULT '0',
  `special` int NOT NULL DEFAULT '0',
  `gameVersion` int NOT NULL DEFAULT '0',
  `time` int NOT NULL DEFAULT '0',
  `userID` int NOT NULL,
  `isRegistered` int NOT NULL DEFAULT '0',
  `creatorPoints` int NOT NULL DEFAULT '0',
  `icon` int NOT NULL DEFAULT '0',
  `accountID` int NOT NULL DEFAULT '0',
  `permLevel` int NOT NULL DEFAULT '0'
) ENGINE=InnoDB DEFAULT CHARSET=utf8mb4 COLLATE=utf8mb4_0900_ai_ci;

--
-- Dumping data for table `users`
--

INSERT INTO `users` (`udid`, `userName`, `stars`, `demons`, `color1`, `color2`, `iconType`, `coins`, `special`, `gameVersion`, `time`, `userID`, `isRegistered`, `creatorPoints`, `icon`, `accountID`, `permLevel`) VALUES
('00000000-1d4a-5f31-0033-c5870033c587', 'Lila2048', 3, 0, 0, 3, 0, 1, 1, 19, 1739370917, 3, 1, 4, 1, 2, 2),
('00000000-3264-692b-0033-c5870033c587', 'RealNooba', 12, 0, 3, 9, 0, 3, 1, 19, 1739303091, 4, 1, 0, 44, 0, 0),
('ffffffff-ac38-4b64-0033-c5870033c587', 'aaaaaaa', 12, 0, 2, 3, 0, 1, 1, 19, 1739226946, 5, 1, 1, 16, 5, 0);

--
-- Indexes for dumped tables
--

--
-- Indexes for table `accounts`
--
ALTER TABLE `accounts`
  ADD PRIMARY KEY (`id`);

--
-- Indexes for table `actions`
--
ALTER TABLE `actions`
  ADD PRIMARY KEY (`id`);

--
-- Indexes for table `actions_downloads`
--
ALTER TABLE `actions_downloads`
  ADD PRIMARY KEY (`id`);

--
-- Indexes for table `actions_likes`
--
ALTER TABLE `actions_likes`
  ADD PRIMARY KEY (`id`);

--
-- Indexes for table `bans`
--
ALTER TABLE `bans`
  ADD PRIMARY KEY (`id`);

--
-- Indexes for table `comments`
--
ALTER TABLE `comments`
  ADD PRIMARY KEY (`id`);

--
-- Indexes for table `levels`
--
ALTER TABLE `levels`
  ADD PRIMARY KEY (`levelID`),
  ADD UNIQUE KEY `levelID` (`levelID`);

--
-- Indexes for table `mappacks`
--
ALTER TABLE `mappacks`
  ADD PRIMARY KEY (`packID`);

--
-- Indexes for table `reports`
--
ALTER TABLE `reports`
  ADD PRIMARY KEY (`id`);

--
-- Indexes for table `sends`
--
ALTER TABLE `sends`
  ADD PRIMARY KEY (`id`);

--
-- Indexes for table `songs`
--
ALTER TABLE `songs`
  ADD UNIQUE KEY `id` (`id`),
  ADD KEY `id_2` (`id`);

--
-- Indexes for table `users`
--
ALTER TABLE `users`
  ADD PRIMARY KEY (`userID`);
COMMIT;

/*!40101 SET CHARACTER_SET_CLIENT=@OLD_CHARACTER_SET_CLIENT */;
/*!40101 SET CHARACTER_SET_RESULTS=@OLD_CHARACTER_SET_RESULTS */;
/*!40101 SET COLLATION_CONNECTION=@OLD_COLLATION_CONNECTION */;
